6/29/18,2,LOWER PINES
7/6/18,2,LOWER PINES
7/13/18,2,LOWER PINES
7/20/18,2,LOWER PINES
7/27/18,2,LOWER PINES
8/3/18,2,LOWER PINES
8/10/18,2,LOWER PINES
8/17/18,2,LOWER PINES
8/24/18,2,LOWER PINES
9/1/18,2,LOWER PINES
6/30/18,1,LOWER PINES
7/7/18,1,LOWER PINES
7/14/18,1,LOWER PINES
7/21/18,1,LOWER PINES
7/28/18,1,LOWER PINES
8/4/18,1,LOWER PINES
8/11/18,1,LOWER PINES
8/18/18,1,LOWER PINES
8/25/18,1,LOWER PINES
9/1/18,1,LOWER PINES
9/2/18,1,LOWER PINES
6/29/18,2,UPPER PINES
7/6/18,2,UPPER PINES
7/13/18,2,UPPER PINES
7/20/18,2,UPPER PINES
7/27/18,2,UPPER PINES
8/3/18,2,UPPER PINES
8/10/18,2,UPPER PINES
8/17/18,2,UPPER PINES
8/24/18,2,UPPER PINES
9/1/18,2,UPPER PINES
6/30/18,1,UPPER PINES
7/7/18,1,UPPER PINES
7/14/18,1,UPPER PINES
7/21/18,1,UPPER PINES
7/28/18,1,UPPER PINES
8/4/18,1,UPPER PINES
8/11/18,1,UPPER PINES
8/18/18,1,UPPER PINES
8/25/18,1,UPPER PINES
9/1/18,1,UPPER PINES
9/2/18,1,UPPER PINES
6/29/18,2,NORTH PINES
7/6/18,2,NORTH PINES
7/13/18,2,NORTH PINES
7/20/18,2,NORTH PINES
7/27/18,2,NORTH PINES
8/3/18,2,NORTH PINES
8/10/18,2,NORTH PINES
8/17/18,2,NORTH PINES
8/24/18,2,NORTH PINES
9/1/18,2,NORTH PINES
6/30/18,1,NORTH PINES
7/7/18,1,NORTH PINES
7/14/18,1,NORTH PINES
7/21/18,1,NORTH PINES
7/28/18,1,NORTH PINES
8/4/18,1,NORTH PINES
8/11/18,1,NORTH PINES
8/18/18,1,NORTH PINES
8/25/18,1,NORTH PINES
9/1/18,1,NORTH PINES
9/2/18,1,NORTH PINES
9/1/18,2,POINT REYES
6/30/18,1,POINT REYES
7/7/18,1,POINT REYES
7/14/18,1,POINT REYES
7/21/18,1,POINT REYES
7/28/18,1,POINT REYES
8/4/18,1,POINT REYES
8/11/18,1,POINT REYES
8/18/18,1,POINT REYES
8/25/18,1,POINT REYES
9/1/18,1,POINT REYES
6/29/18,2,KIRBY COVE
7/6/18,2,KIRBY COVE
7/13/18,2,KIRBY COVE
7/20/18,2,KIRBY COVE
7/27/18,2,KIRBY COVE
8/3/18,2,KIRBY COVE
8/10/18,2,KIRBY COVE
8/17/18,2,KIRBY COVE
8/24/18,2,KIRBY COVE
9/1/18,2,KIRBY COVE
6/30/18,1,KIRBY COVE
7/7/18,1,KIRBY COVE
7/14/18,1,KIRBY COVE
7/21/18,1,KIRBY COVE
7/28/18,1,KIRBY COVE
8/4/18,1,KIRBY COVE
8/11/18,1,KIRBY COVE
8/18/18,1,KIRBY COVE
8/25/18,1,KIRBY COVE
9/1/18,1,KIRBY COVE
9/2/18,1,KIRBY COVE
6/29/18,2,SUMMIT LAKE NORTH
7/6/18,2,SUMMIT LAKE NORTH
7/13/18,2,SUMMIT LAKE NORTH
7/20/18,2,SUMMIT LAKE NORTH
7/27/18,2,SUMMIT LAKE NORTH
8/3/18,2,SUMMIT LAKE NORTH
8/10/18,2,SUMMIT LAKE NORTH
8/17/18,2,SUMMIT LAKE NORTH
8/24/18,2,SUMMIT LAKE NORTH
9/1/18,2,SUMMIT LAKE NORTH
6/30/18,1,SUMMIT LAKE NORTH
7/7/18,1,SUMMIT LAKE NORTH
7/14/18,1,SUMMIT LAKE NORTH
7/21/18,1,SUMMIT LAKE NORTH
7/28/18,1,SUMMIT LAKE NORTH
8/4/18,1,SUMMIT LAKE NORTH
8/11/18,1,SUMMIT LAKE NORTH
8/18/18,1,SUMMIT LAKE NORTH
8/25/18,1,SUMMIT LAKE NORTH
9/1/18,1,SUMMIT LAKE NORTH
9/2/18,1,SUMMIT LAKE NORTH
6/29/18,2,SUMMIT LAKE SOUTH
7/6/18,2,SUMMIT LAKE SOUTH
7/13/18,2,SUMMIT LAKE SOUTH
7/20/18,2,SUMMIT LAKE SOUTH
7/27/18,2,SUMMIT LAKE SOUTH
8/3/18,2,SUMMIT LAKE SOUTH
8/10/18,2,SUMMIT LAKE SOUTH
8/17/18,2,SUMMIT LAKE SOUTH
8/24/18,2,SUMMIT LAKE SOUTH
9/1/18,2,SUMMIT LAKE SOUTH
6/30/18,1,SUMMIT LAKE SOUTH
7/7/18,1,SUMMIT LAKE SOUTH
7/14/18,1,SUMMIT LAKE SOUTH
7/21/18,1,SUMMIT LAKE SOUTH
7/28/18,1,SUMMIT LAKE SOUTH
8/4/18,1,SUMMIT LAKE SOUTH
8/11/18,1,SUMMIT LAKE SOUTH
8/18/18,1,SUMMIT LAKE SOUTH
8/25/18,1,SUMMIT LAKE SOUTH
9/1/18,1,SUMMIT LAKE SOUTH
9/2/18,1,SUMMIT LAKE SOUTH